Date,Amount,Category,Description
2023-07-03,-11128.04,Rent,STARBUCKS
2023-01-27,-140.86,,DELTA AIRLINES
2023-06-11,-0.24,Groceries,PAYROLL
2023-11-27,952.58,Rent,STARBUCKS
2023-08-16,-115.7,,STARBUCKS
2023-10-15,813.3,Uncategorized,STARBUCKS
2023-04-24,-277.57,Groceries,OFFICE DEPOT
2023-12-06,-242.15,Rent,OFFICE DEPOT
2023-06-17,521.85,Travel,OFFICE DEPOT
2023-07-01,905.04,Software,STARBUCKS
2023-06-05,-4527.79,Software,DELTA AIRLINES
2023-03-12,485.37,Software,UNKNOWN VENDOR
2023-08-27,462.28,,UBER EATS
2023-01-02,-6320.59,Software,DELTA AIRLINES
2023-06-20,113.17,,PAYROLL
2023-01-11,-460.99,Software,STARBUCKS
2023-11-02,-1.74,Groceries,OFFICE DEPOT
2023-01-31,-188.37,Groceries,UNKNOWN VENDOR
2023-05-01,212.2,,OFFICE DEPOT
2023-04-07,738.56,,UNKNOWN VENDOR
2023-06-02,443.14,Rent,DELTA AIRLINES
2023-05-23,-177.24,Uncategorized,PAYROLL
2023-06-02,-19195.71,Groceries,STARBUCKS
2023-06-10,217.13,Travel,OFFICE DEPOT
2023-10-14,-481.26,Software,DELTA AIRLINES
2023-11-18,273.28,Uncategorized,UNKNOWN VENDOR
2023-05-25,778.32,Travel,STARBUCKS
2023-02-12,-34.28,Rent,UBER EATS
2023-05-24,984.14,Rent,AWS CLOUD
2023-07-28,-82.42,Groceries,STARBUCKS
2023-12-31,386.75,Rent,AWS CLOUD
2023-12-26,-200.85,Software,STARBUCKS
2023-12-23,-350.34,Travel,AWS CLOUD
2023-12-30,613.08,Software,UBER EATS
2023-08-30,236.12,Travel,UNKNOWN VENDOR
2023-09-04,10.85,,UBER EATS
2023-06-26,675.21,Uncategorized,PAYROLL
2023-05-10,26.68,Groceries,PAYROLL
2023-07-30,782.02,Uncategorized,DELTA AIRLINES
2023-01-12,-89.02,Rent,UNKNOWN VENDOR
2023-01-25,638.95,Uncategorized,OFFICE DEPOT
2023-04-29,-86.23,Travel,AWS CLOUD
2023-10-06,686.94,Software,PAYROLL
2023-05-04,16.36,Software,UBER EATS
2023-08-25,59.4,,PAYROLL
2023-10-10,126.26,Travel,UNKNOWN VENDOR
2023-11-23,-297.13,Rent,STARBUCKS
2023-07-18,-113.63,,AWS CLOUD
2023-09-13,541.37,Travel,AWS CLOUD
2023-04-09,652.38,Groceries,PAYROLL
2023-11-25,60.06,,PAYROLL
2023-11-27,-455.36,,AWS CLOUD
2023-04-05,351.12,Rent,PAYROLL
2023-08-08,744.93,,UBER EATS
2023-11-13,135.36,Travel,AWS CLOUD
2023-08-28,-241.09,Groceries,PAYROLL
2023-01-08,932.75,Software,OFFICE DEPOT
2023-07-11,369.71,Software,PAYROLL
2023-09-25,978.32,Uncategorized,UNKNOWN VENDOR
2023-04-05,175.05,Groceries,UNKNOWN VENDOR
2023-01-04,509.63,Software,PAYROLL
2023-12-18,89.96,Travel,STARBUCKS
2023-11-09,-333.68,Uncategorized,DELTA AIRLINES
2023-01-16,896.54,Rent,STARBUCKS
2023-01-15,271.89,Travel,AWS CLOUD
2023-05-22,-466.04,,UNKNOWN VENDOR
2023-06-18,908.27,Software,UNKNOWN VENDOR
2023-03-01,804.01,Uncategorized,DELTA AIRLINES
2023-09-30,407.38,Uncategorized,DELTA AIRLINES
2023-01-24,325.49,Software,STARBUCKS
2023-12-15,-130.29,Rent,DELTA AIRLINES
2023-08-18,4.27,Software,OFFICE DEPOT
2023-11-12,97.36,Groceries,UBER EATS
2023-03-27,-46.22,Rent,UNKNOWN VENDOR
2023-02-05,626.51,Groceries,UNKNOWN VENDOR
2023-01-21,131.64,,STARBUCKS
2023-02-16,-16294.81,Uncategorized,PAYROLL
2023-09-17,-13506.74,Software,AWS CLOUD
2023-02-08,216.48,Rent,OFFICE DEPOT
2023-07-26,889.76,Software,OFFICE DEPOT
2023-12-13,890.76,Travel,UNKNOWN VENDOR
2023-11-21,-2416.63,Rent,UNKNOWN VENDOR
2023-10-15,-142.91,Software,PAYROLL
2023-04-17,-342.07,Uncategorized,UBER EATS
2023-01-11,962.23,Software,PAYROLL
2023-02-05,-340.61,Uncategorized,AWS CLOUD
2023-01-25,480.09,Travel,STARBUCKS
2023-12-05,-456.6,Software,AWS CLOUD
2023-04-26,310.92,,UBER EATS
2023-04-10,-478.86,Rent,UBER EATS
2023-09-23,873.74,Groceries,DELTA AIRLINES
2023-09-04,11356.07,Uncategorized,DELTA AIRLINES
2023-12-23,796.0,Travel,UBER EATS
2023-12-24,755.77,Uncategorized,DELTA AIRLINES
2023-10-10,515.97,,AWS CLOUD
2023-08-16,-323.58,Rent,UBER EATS
2023-02-09,-338.22,,PAYROLL
2023-06-20,472.27,Software,OFFICE DEPOT
2023-01-04,680.43,Rent,STARBUCKS
2023-10-21,-344.33,Groceries,UBER EATS
2023-07-11,9321.07,Software,AWS CLOUD
2023-06-09,73.06,Travel,STARBUCKS
2023-11-24,634.94,Uncategorized,OFFICE DEPOT
2023-09-30,489.95,Groceries,STARBUCKS
2023-07-02,-69.99,Rent,PAYROLL
2023-02-12,313.66,Travel,UBER EATS
2023-09-13,971.95,Software,PAYROLL
2023-06-12,299.74,Travel,DELTA AIRLINES
2023-04-14,797.57,Rent,OFFICE DEPOT
2023-10-14,490.18,Uncategorized,DELTA AIRLINES
2023-07-31,152.89,Groceries,UBER EATS
2023-05-09,-367.31,Rent,UBER EATS
2023-10-11,316.37,,UNKNOWN VENDOR
2023-11-30,-171.12,Uncategorized,UNKNOWN VENDOR
2023-02-20,132.52,Groceries,UBER EATS
2023-05-04,498.53,Software,PAYROLL
2023-08-03,-72.49,,STARBUCKS
2023-07-11,100.14,,STARBUCKS
2023-01-02,-294.98,Software,STARBUCKS
2023-08-04,505.94,Travel,UNKNOWN VENDOR
2023-08-21,553.12,,STARBUCKS
2023-10-16,652.73,Software,UBER EATS
2023-02-23,-479.76,Groceries,DELTA AIRLINES
2023-09-19,714.26,,OFFICE DEPOT
2023-05-01,899.56,Travel,UNKNOWN VENDOR
2023-09-19,587.03,,OFFICE DEPOT
2023-04-01,-232.98,Software,UBER EATS
2023-03-08,175.08,Groceries,PAYROLL
2023-05-07,-31.98,Uncategorized,OFFICE DEPOT
2023-04-05,143.98,Groceries,DELTA AIRLINES
2023-11-21,-245.22,Travel,AWS CLOUD
2023-05-02,-9.73,Software,STARBUCKS
2023-04-18,870.72,Travel,UNKNOWN VENDOR
2023-09-19,809.38,,DELTA AIRLINES
2023-08-20,966.08,Travel,UNKNOWN VENDOR
2023-10-21,931.01,,STARBUCKS
2023-06-22,86.9,Uncategorized,UNKNOWN VENDOR
2023-07-09,617.62,Software,OFFICE DEPOT
2023-07-05,152.4,Travel,PAYROLL
2023-11-17,-177.15,Rent,AWS CLOUD
2023-02-14,423.29,Uncategorized,DELTA AIRLINES
2023-06-08,612.32,,AWS CLOUD
2023-08-24,837.18,,STARBUCKS
2023-01-28,854.93,Travel,DELTA AIRLINES
2023-06-04,-219.39,Uncategorized,DELTA AIRLINES
2023-08-11,399.16,Uncategorized,PAYROLL
2023-04-21,545.69,Software,UNKNOWN VENDOR
2023-10-08,12577.07,Groceries,PAYROLL
2023-06-18,-35.74,Travel,OFFICE DEPOT
2023-08-11,-143.7,Groceries,DELTA AIRLINES
2023-06-02,-160.49,Rent,DELTA AIRLINES
2023-01-30,436.43,Rent,AWS CLOUD
2023-08-13,791.4,,PAYROLL
2023-09-03,103.63,Groceries,AWS CLOUD
2023-06-16,673.34,Groceries,PAYROLL
2023-02-10,-392.72,,AWS CLOUD
2023-05-11,882.6,Software,UNKNOWN VENDOR
2023-11-16,906.49,Uncategorized,AWS CLOUD
2024-01-01,896.14,Uncategorized,STARBUCKS
2023-07-30,-188.97,Uncategorized,UNKNOWN VENDOR
2023-02-10,348.08,,STARBUCKS
2023-01-19,861.46,Rent,AWS CLOUD
2023-03-08,-127.95,Software,UNKNOWN VENDOR
2023-12-20,-86.16,,PAYROLL
2023-05-12,-38.12,,OFFICE DEPOT
2023-03-16,638.72,Rent,STARBUCKS
2023-12-17,94.49,Uncategorized,UNKNOWN VENDOR
2023-07-03,828.22,Travel,AWS CLOUD
2023-06-16,16130.4,,OFFICE DEPOT
2023-03-10,277.92,Uncategorized,UBER EATS
2023-08-18,10.73,Travel,PAYROLL
2023-04-06,542.34,Rent,STARBUCKS
2023-07-02,-200.27,Uncategorized,DELTA AIRLINES
2023-04-13,71.07,Travel,UBER EATS
2023-05-20,911.34,Uncategorized,UBER EATS
2023-11-05,321.87,Travel,OFFICE DEPOT
2023-11-05,-394.36,Travel,PAYROLL
2023-02-11,-315.7,Rent,PAYROLL
2023-04-15,-115.67,Groceries,UBER EATS
2023-12-28,123.98,Rent,STARBUCKS
2023-05-03,287.61,Rent,UNKNOWN VENDOR
2023-04-10,-470.5,Rent,PAYROLL
2023-03-20,194.21,Groceries,UBER EATS
2023-02-24,-42.5,Travel,STARBUCKS
2023-02-19,-243.82,Travel,UBER EATS
2023-02-13,592.22,Software,UBER EATS
2023-12-23,-268.24,Travel,AWS CLOUD
2023-03-17,571.25,,STARBUCKS
2023-12-14,-32.71,Rent,AWS CLOUD
2023-04-26,324.91,,UNKNOWN VENDOR
2023-03-03,536.69,Groceries,UNKNOWN VENDOR
2023-10-03,-239.92,Groceries,UBER EATS
2023-02-25,-259.73,Groceries,PAYROLL
2023-12-23,-8045.97,Travel,OFFICE DEPOT
2023-07-06,696.9,Uncategorized,OFFICE DEPOT
2023-09-26,48.19,,UNKNOWN VENDOR
2023-02-15,16519.9,Travel,PAYROLL
2023-05-08,-233.96,Travel,UNKNOWN VENDOR
2023-11-16,-113.02,Groceries,PAYROLL
2023-02-25,379.5,Uncategorized,UNKNOWN VENDOR
2023-05-30,622.08,Rent,AWS CLOUD
2023-02-28,636.49,Travel,STARBUCKS
2023-07-08,568.37,Software,UNKNOWN VENDOR
2023-02-02,345.22,Travel,AWS CLOUD
2023-10-05,269.33,Uncategorized,PAYROLL
2023-08-17,-441.91,Software,AWS CLOUD
2023-10-24,-366.95,Groceries,UBER EATS
2023-07-30,-181.22,Groceries,OFFICE DEPOT
2023-06-10,575.47,,PAYROLL
2023-08-10,561.61,Uncategorized,STARBUCKS
2023-06-25,493.72,Travel,UBER EATS
2023-12-26,969.02,Rent,DELTA AIRLINES
2023-08-09,252.96,Rent,STARBUCKS
2023-01-17,773.49,,AWS CLOUD
2023-09-19,658.52,,UBER EATS
2023-01-02,-375.08,Uncategorized,STARBUCKS
2023-01-15,971.42,Rent,UNKNOWN VENDOR
2023-04-27,643.29,Travel,AWS CLOUD
2023-04-06,-47.18,Groceries,UNKNOWN VENDOR
2023-03-15,760.98,Software,STARBUCKS
2023-03-03,-467.37,Software,DELTA AIRLINES
2023-08-30,951.94,Travel,DELTA AIRLINES
2023-10-26,-406.14,,UNKNOWN VENDOR
2023-11-09,-2.65,,DELTA AIRLINES
2023-04-20,-169.48,Uncategorized,STARBUCKS
2023-05-31,-470.25,Rent,UBER EATS
2023-07-28,74.58,Rent,DELTA AIRLINES
2023-03-24,512.47,Uncategorized,UNKNOWN VENDOR
2023-02-02,260.85,,AWS CLOUD
2023-10-07,-175.2,Uncategorized,STARBUCKS
2023-04-02,244.65,Groceries,STARBUCKS
2023-09-12,-157.71,Rent,UBER EATS
2023-08-28,610.2,Uncategorized,UNKNOWN VENDOR
2023-11-29,95.47,Groceries,AWS CLOUD
2023-09-18,979.41,Groceries,DELTA AIRLINES
2023-09-12,414.83,Travel,OFFICE DEPOT
2023-03-09,557.54,Rent,UNKNOWN VENDOR
2023-04-19,-131.4,Rent,AWS CLOUD
2023-02-22,-209.82,Uncategorized,PAYROLL
2023-05-17,-103.99,Software,UNKNOWN VENDOR
2023-06-15,681.62,Rent,PAYROLL
2023-10-23,10.48,Uncategorized,DELTA AIRLINES
2023-06-12,153.15,Rent,STARBUCKS
2023-01-04,767.26,Rent,OFFICE DEPOT
2023-07-05,367.04,Travel,AWS CLOUD
2023-10-16,808.44,Travel,AWS CLOUD
2023-04-06,-174.02,Uncategorized,AWS CLOUD
2023-11-01,416.7,Travel,OFFICE DEPOT
2023-05-11,72.81,Software,UBER EATS
2023-03-01,-404.36,,UNKNOWN VENDOR
2023-12-20,13375.49,Groceries,STARBUCKS
2023-11-17,737.02,Travel,PAYROLL
2023-06-12,43.44,Travel,PAYROLL
2023-12-02,461.09,Travel,DELTA AIRLINES
2023-01-24,555.88,Groceries,PAYROLL
2023-05-14,-10753.32,Groceries,OFFICE DEPOT
2023-04-14,-62.31,Software,UBER EATS
2023-05-24,-241.12,Travel,OFFICE DEPOT
2023-07-15,776.52,Software,UNKNOWN VENDOR
2023-02-09,530.34,Software,PAYROLL
2023-07-09,-392.31,Software,AWS CLOUD
2023-07-16,435.52,Software,OFFICE DEPOT
2023-02-09,688.24,Uncategorized,DELTA AIRLINES
2023-06-03,61.41,Travel,OFFICE DEPOT
2023-06-14,164.88,,STARBUCKS
2023-09-27,518.14,Groceries,STARBUCKS
2023-07-11,4601.02,Uncategorized,UNKNOWN VENDOR
2023-04-11,211.02,Software,STARBUCKS
2023-03-25,865.26,Groceries,STARBUCKS
2023-10-30,982.53,Travel,PAYROLL
2023-07-09,907.16,Uncategorized,PAYROLL
2023-02-12,-76.14,Software,UBER EATS
2023-09-10,606.44,Travel,UBER EATS
2023-04-05,810.46,Software,STARBUCKS
2023-08-20,491.01,Rent,DELTA AIRLINES
2023-09-14,249.18,,UBER EATS
2023-03-25,-36.89,,AWS CLOUD
2023-11-10,12076.8,Rent,PAYROLL
2023-05-17,166.46,Software,AWS CLOUD
2023-01-25,356.75,Rent,PAYROLL
2023-07-15,265.57,Rent,PAYROLL
2023-12-19,-224.38,Software,STARBUCKS
2023-10-13,276.09,Travel,AWS CLOUD
2023-10-14,60.1,Software,PAYROLL
2023-12-23,775.27,Software,UNKNOWN VENDOR
2023-01-21,-483.41,Travel,DELTA AIRLINES
2023-10-18,187.49,Travel,PAYROLL
2023-10-17,-80.33,Groceries,OFFICE DEPOT
2023-09-09,-415.19,Software,UBER EATS
2023-08-31,-371.66,Uncategorized,AWS CLOUD
2023-11-17,-487.81,Travel,UNKNOWN VENDOR
2023-11-13,-267.19,Software,UNKNOWN VENDOR
2023-08-07,-44.36,Travel,AWS CLOUD
2023-03-14,505.04,Groceries,AWS CLOUD
2023-09-08,362.67,,OFFICE DEPOT
2023-11-18,-329.86,Uncategorized,UNKNOWN VENDOR
2023-07-06,686.43,,STARBUCKS
2023-08-11,888.5,Travel,UNKNOWN VENDOR
2023-02-15,-21.22,Groceries,OFFICE DEPOT
2023-08-14,-48.15,Travel,DELTA AIRLINES
2023-03-01,-233.29,Rent,AWS CLOUD
2023-08-31,-25.54,Uncategorized,UNKNOWN VENDOR
2023-01-27,384.54,Groceries,AWS CLOUD
2023-10-05,821.18,,UNKNOWN VENDOR
2023-10-15,575.51,Rent,OFFICE DEPOT
2023-12-30,-447.87,Groceries,PAYROLL
2023-06-03,-403.08,Travel,STARBUCKS
2023-05-27,655.45,Groceries,OFFICE DEPOT
2023-01-13,-235.58,Rent,DELTA AIRLINES
2023-03-11,118.13,Uncategorized,PAYROLL
2023-09-05,-268.45,Uncategorized,UBER EATS
2023-08-06,440.35,Uncategorized,UBER EATS
2023-01-16,442.47,,UBER EATS
2023-12-12,341.1,,DELTA AIRLINES
2023-03-09,233.28,Groceries,DELTA AIRLINES
2023-12-02,660.26,Travel,STARBUCKS
2023-02-15,577.04,Uncategorized,DELTA AIRLINES
2023-10-28,-293.91,Software,STARBUCKS
2023-04-25,-489.18,Rent,AWS CLOUD
2023-02-07,-78.49,Uncategorized,OFFICE DEPOT
2023-04-11,-91.22,Software,OFFICE DEPOT
2023-07-26,124.73,Groceries,UBER EATS
2023-08-16,57.57,Travel,STARBUCKS
2023-03-22,-192.36,Groceries,AWS CLOUD
2023-01-14,-411.98,Groceries,DELTA AIRLINES
2023-08-21,-378.34,Groceries,DELTA AIRLINES
2023-07-02,-366.35,Rent,UBER EATS
2023-12-14,642.76,Groceries,UBER EATS
2023-09-30,690.7,,UNKNOWN VENDOR
2023-06-06,-175.29,Groceries,STARBUCKS
2023-11-26,491.0,Travel,UNKNOWN VENDOR
2023-04-14,434.92,Software,UNKNOWN VENDOR
2023-07-13,-40.37,,AWS CLOUD
2023-05-30,959.7,Software,PAYROLL
2023-05-01,35.35,,UBER EATS
2023-05-29,-397.83,Software,UBER EATS
2023-10-27,196.66,Rent,UBER EATS
2023-01-04,720.56,Rent,STARBUCKS
2023-02-28,-248.47,Travel,PAYROLL
2023-05-12,711.53,Rent,UBER EATS
2023-11-02,749.54,Uncategorized,STARBUCKS
2023-06-16,-271.98,Groceries,PAYROLL
2023-07-24,866.47,Travel,STARBUCKS
2023-09-02,527.8,,DELTA AIRLINES
2023-06-16,796.58,,UNKNOWN VENDOR
2023-12-29,487.69,Travel,PAYROLL
2023-01-27,590.64,Rent,UBER EATS
2023-08-19,-76.87,Uncategorized,OFFICE DEPOT
2023-02-05,-354.23,Software,AWS CLOUD
2023-02-08,-240.41,Travel,STARBUCKS
2023-04-09,-18.79,Travel,DELTA AIRLINES
2023-02-04,-361.81,Uncategorized,STARBUCKS
2023-02-12,656.59,Rent,AWS CLOUD
2023-02-02,-11915.65,Uncategorized,AWS CLOUD
2023-05-12,-397.76,,UBER EATS
2023-10-29,970.86,Travel,DELTA AIRLINES
2023-05-26,-225.6,Uncategorized,DELTA AIRLINES
2023-04-30,580.86,Software,STARBUCKS
2023-08-16,-237.03,Groceries,UNKNOWN VENDOR
2023-06-26,939.56,Travel,PAYROLL
2023-09-19,442.02,Travel,UBER EATS
2023-04-07,709.79,Travel,DELTA AIRLINES
2023-11-27,545.27,Software,STARBUCKS
2023-01-13,168.56,,STARBUCKS
2023-11-19,249.04,Rent,OFFICE DEPOT
2023-04-11,2835.69,Groceries,UNKNOWN VENDOR
2023-07-29,287.26,,DELTA AIRLINES
2023-09-03,348.51,Uncategorized,STARBUCKS
2023-07-23,-410.17,Uncategorized,STARBUCKS
2023-05-23,725.15,Travel,STARBUCKS
2023-03-21,-324.31,Software,DELTA AIRLINES
2023-07-31,-263.89,Rent,DELTA AIRLINES
2023-03-24,590.71,Rent,OFFICE DEPOT
2023-05-02,-479.36,Travel,AWS CLOUD
2023-10-13,13.22,Rent,UBER EATS
2023-01-17,390.92,Rent,UNKNOWN VENDOR
2023-06-18,261.01,Groceries,AWS CLOUD
2023-10-29,648.09,Software,STARBUCKS
2023-02-23,158.74,Uncategorized,OFFICE DEPOT
2023-02-17,-221.93,,UNKNOWN VENDOR
2023-10-02,-151.17,,UNKNOWN VENDOR
2023-03-21,984.42,,UBER EATS
2023-08-19,719.27,Software,DELTA AIRLINES
2023-11-02,349.13,Travel,OFFICE DEPOT
2023-01-01,-316.58,Uncategorized,UNKNOWN VENDOR
2023-06-19,-457.08,Travel,STARBUCKS
2023-07-20,2.37,Uncategorized,PAYROLL
2023-02-11,401.11,Uncategorized,UBER EATS
2023-02-02,392.33,Uncategorized,OFFICE DEPOT
2023-05-18,-412.91,Rent,OFFICE DEPOT
2023-06-30,114.22,,OFFICE DEPOT
2023-07-04,666.88,,STARBUCKS
2023-04-11,-39.96,Uncategorized,DELTA AIRLINES
2023-03-08,55.08,Groceries,PAYROLL
2023-12-08,753.45,Uncategorized,UNKNOWN VENDOR
2023-02-13,306.69,Groceries,UBER EATS
2023-03-28,-118.84,Groceries,UNKNOWN VENDOR
2023-01-28,187.72,Rent,UBER EATS
2023-09-08,-71.44,Rent,OFFICE DEPOT
2023-11-21,22.43,Uncategorized,DELTA AIRLINES
2023-12-11,-188.16,Rent,OFFICE DEPOT
2023-11-22,736.97,Groceries,UNKNOWN VENDOR
2023-10-12,204.21,Rent,UBER EATS
2023-07-10,-226.58,Uncategorized,OFFICE DEPOT
2023-05-22,-116.66,Groceries,UNKNOWN VENDOR
2023-12-09,-491.2,Software,UBER EATS
2023-09-11,960.04,Travel,STARBUCKS
2023-05-27,520.76,Uncategorized,PAYROLL
2023-03-14,1587.12,Uncategorized,OFFICE DEPOT
2023-12-12,10.4,Uncategorized,OFFICE DEPOT
2023-10-16,942.34,Travel,DELTA AIRLINES
2023-10-11,473.61,Travel,UNKNOWN VENDOR
2023-02-16,-391.92,Software,DELTA AIRLINES
2023-01-11,818.05,Travel,UBER EATS
2023-07-01,-54.56,Travel,AWS CLOUD
2023-05-11,-211.77,Rent,PAYROLL
2023-03-21,344.11,Uncategorized,DELTA AIRLINES
2023-10-17,-272.88,Travel,AWS CLOUD
2023-08-21,-388.69,Software,UBER EATS
2023-07-06,-402.82,Travel,PAYROLL
2023-01-30,-171.22,Rent,PAYROLL
2023-02-05,-398.48,Software,PAYROLL
2023-08-20,-88.56,Rent,UBER EATS
2023-01-12,829.77,Groceries,UNKNOWN VENDOR
2023-11-11,-243.12,Uncategorized,PAYROLL
2023-12-09,-331.58,Uncategorized,PAYROLL
2023-04-28,10678.2,Travel,UBER EATS
2023-08-20,-112.63,Travel,AWS CLOUD
2023-05-05,691.14,Software,AWS CLOUD
2023-08-07,776.02,Uncategorized,AWS CLOUD
2023-03-02,295.77,Rent,UBER EATS
2023-09-24,-282.29,Groceries,UBER EATS
2023-02-28,157.62,Groceries,OFFICE DEPOT
2023-05-30,122.54,Rent,DELTA AIRLINES
2023-07-25,-86.11,Software,OFFICE DEPOT
2023-02-08,399.93,Software,STARBUCKS
2023-07-08,490.53,Software,AWS CLOUD
2023-05-05,247.5,Travel,STARBUCKS
2023-02-28,772.61,Software,AWS CLOUD
2023-06-23,261.97,Uncategorized,UNKNOWN VENDOR
2023-01-16,438.14,Software,UNKNOWN VENDOR
2023-05-20,-448.93,Rent,STARBUCKS
2023-12-14,290.82,Software,STARBUCKS
2023-05-26,252.0,Groceries,UBER EATS
2023-10-29,-135.21,Travel,UNKNOWN VENDOR
2023-02-01,-135.73,,AWS CLOUD
2023-12-13,273.26,,STARBUCKS
2023-05-06,830.7,Groceries,AWS CLOUD
2023-06-07,931.96,,STARBUCKS
2023-11-16,16824.83,Travel,UBER EATS
2023-09-04,-493.16,Uncategorized,UNKNOWN VENDOR
2023-08-12,621.19,Groceries,OFFICE DEPOT
2023-03-16,333.8,Travel,UNKNOWN VENDOR
2023-08-18,864.91,Travel,DELTA AIRLINES
2023-04-13,474.73,Groceries,DELTA AIRLINES
2023-09-18,-36.46,Rent,UBER EATS
2023-02-26,999.39,Software,UBER EATS
2023-08-02,-86.71,,UNKNOWN VENDOR
2023-05-11,593.12,Software,UBER EATS
2023-05-04,122.63,Software,UNKNOWN VENDOR
2023-08-21,924.97,Uncategorized,PAYROLL
2023-09-20,-492.62,Travel,STARBUCKS
2023-08-14,708.27,,AWS CLOUD
2023-01-09,-424.02,Software,STARBUCKS
2023-10-27,686.64,,AWS CLOUD
2023-01-10,486.59,,UBER EATS
2023-11-18,55.37,Travel,UBER EATS
2023-11-26,294.98,Travel,OFFICE DEPOT
2023-11-25,667.27,Rent,UBER EATS
2023-07-16,-470.61,Uncategorized,UNKNOWN VENDOR
2023-12-01,877.28,Groceries,DELTA AIRLINES
2023-12-29,830.09,Rent,UBER EATS
2023-02-06,862.48,,OFFICE DEPOT
2023-11-03,-79.0,Groceries,OFFICE DEPOT
2023-03-05,845.97,,UNKNOWN VENDOR
2023-06-20,-315.33,Travel,PAYROLL
2023-01-20,-104.13,Groceries,DELTA AIRLINES
2023-03-16,-398.88,,AWS CLOUD
2023-07-31,-14346.46,Software,STARBUCKS
2023-05-23,-387.04,Rent,AWS CLOUD
2023-09-29,863.52,Travel,AWS CLOUD
2023-11-18,686.76,Uncategorized,AWS CLOUD
2023-04-16,8649.54,Travel,UBER EATS
2023-03-21,456.55,Software,STARBUCKS
2023-03-14,239.06,Software,PAYROLL
2023-04-19,685.63,Uncategorized,PAYROLL
2023-05-24,-136.52,Travel,AWS CLOUD
2023-01-18,97.73,Software,UNKNOWN VENDOR
2023-07-31,990.81,Groceries,DELTA AIRLINES
2023-02-03,805.06,Uncategorized,PAYROLL
2023-01-12,-401.77,Uncategorized,DELTA AIRLINES
2023-09-14,417.37,Software,UNKNOWN VENDOR
2023-08-01,464.83,Groceries,AWS CLOUD
2023-11-08,-438.11,Groceries,PAYROLL
2023-11-04,316.2,Uncategorized,AWS CLOUD
2023-06-21,276.14,Rent,DELTA AIRLINES
2023-06-02,-415.49,Travel,PAYROLL
2023-02-26,-341.3,Uncategorized,DELTA AIRLINES
2023-06-11,765.44,,UNKNOWN VENDOR
2023-05-21,-316.81,Travel,DELTA AIRLINES
2023-09-24,761.2,Travel,UNKNOWN VENDOR
2023-06-30,628.11,Software,DELTA AIRLINES
2023-06-30,227.45,Groceries,OFFICE DEPOT
2023-02-20,413.39,Travel,DELTA AIRLINES
2023-04-27,831.44,Software,AWS CLOUD
2023-02-25,889.93,Software,PAYROLL
2023-05-03,371.69,Uncategorized,UBER EATS
2023-08-12,306.41,Software,PAYROLL
2023-10-10,3618.89,Travel,PAYROLL
2023-09-16,952.36,Rent,AWS CLOUD
2023-09-10,-222.31,Software,OFFICE DEPOT
2023-08-11,-214.03,Software,DELTA AIRLINES
2023-12-16,468.94,Travel,PAYROLL
2023-12-27,-113.77,Uncategorized,DELTA AIRLINES
2023-08-29,33.56,Travel,DELTA AIRLINES
2023-11-23,284.24,,UNKNOWN VENDOR
2023-05-12,232.68,Groceries,UBER EATS
2023-05-09,-337.5,Uncategorized,UBER EATS
2023-01-12,49.31,Groceries,OFFICE DEPOT
2023-11-02,169.58,Uncategorized,OFFICE DEPOT
2023-09-01,97.28,Travel,OFFICE DEPOT
2023-11-05,609.4,Uncategorized,DELTA AIRLINES
2023-11-01,-415.38,Travel,UBER EATS
2023-10-02,-126.78,,PAYROLL
2023-06-08,258.43,Uncategorized,OFFICE DEPOT
2023-10-11,-172.85,Groceries,UNKNOWN VENDOR
2023-06-16,550.1,,PAYROLL
2023-06-06,985.59,Software,UNKNOWN VENDOR
2023-11-10,-268.71,,STARBUCKS
2023-09-26,154.58,Travel,AWS CLOUD
2023-01-07,-395.17,Software,UBER EATS
2023-06-27,-460.63,Groceries,OFFICE DEPOT
2023-02-16,849.77,Travel,STARBUCKS
2023-07-30,377.73,Travel,PAYROLL
2023-05-14,-3.48,Rent,OFFICE DEPOT
2023-02-05,6.51,Software,OFFICE DEPOT
2023-04-07,285.65,Uncategorized,UNKNOWN VENDOR
2023-01-07,-4352.1,Uncategorized,AWS CLOUD
2023-11-02,-121.73,Software,PAYROLL
2023-08-09,625.71,Software,STARBUCKS
2023-05-07,-477.07,Rent,UBER EATS
2023-03-06,908.97,,UBER EATS
2023-03-09,-81.37,Groceries,OFFICE DEPOT
2023-02-05,-373.76,,DELTA AIRLINES
2023-09-21,566.93,Travel,UBER EATS
2023-12-19,-298.8,Travel,STARBUCKS
2023-06-24,297.97,Groceries,PAYROLL
2023-07-18,-117.17,Travel,UNKNOWN VENDOR
2023-01-18,565.99,Groceries,DELTA AIRLINES
2023-08-30,-204.01,Software,OFFICE DEPOT
2023-10-07,-281.06,Uncategorized,PAYROLL
2023-02-16,34.46,Travel,AWS CLOUD
2023-07-31,120.27,Uncategorized,STARBUCKS
2023-04-20,-72.37,Groceries,OFFICE DEPOT
2023-06-09,-81.15,,DELTA AIRLINES
2023-06-07,94.29,Travel,UBER EATS
2023-03-11,537.58,Uncategorized,DELTA AIRLINES
2023-02-08,-457.01,Software,PAYROLL
2023-11-30,511.17,Travel,PAYROLL
2023-01-07,369.83,Rent,UNKNOWN VENDOR
2023-06-10,-8.53,Software,UBER EATS
2023-09-13,-321.4,Rent,UNKNOWN VENDOR
2023-07-12,312.37,Uncategorized,OFFICE DEPOT
2023-01-16,918.43,,UBER EATS
2023-01-12,-21.03,Groceries,AWS CLOUD
2023-05-30,2986.32,Rent,UBER EATS
2023-08-24,186.47,Uncategorized,DELTA AIRLINES
2023-03-29,-439.95,,DELTA AIRLINES
2023-07-30,993.33,,OFFICE DEPOT
2023-03-17,571.42,Software,AWS CLOUD
2023-07-16,256.12,Uncategorized,PAYROLL
2023-11-30,797.17,Travel,UBER EATS
2023-01-16,873.27,Uncategorized,PAYROLL
2023-04-23,-379.07,Groceries,AWS CLOUD
2023-12-23,914.24,Groceries,UNKNOWN VENDOR
2023-01-20,-102.36,,STARBUCKS
2023-06-30,900.55,Software,OFFICE DEPOT
2023-07-27,-399.23,Groceries,UNKNOWN VENDOR
2023-07-14,203.55,,DELTA AIRLINES
2023-05-07,483.52,Travel,UBER EATS
2023-12-07,-7468.97,Software,UBER EATS
2023-08-26,323.63,Uncategorized,PAYROLL
2023-12-21,175.17,Groceries,UBER EATS
2023-07-05,-269.62,,UNKNOWN VENDOR
2023-11-22,237.3,,PAYROLL
2023-12-12,-17741.22,Uncategorized,UBER EATS
2023-07-07,401.94,Travel,UBER EATS
2023-08-13,835.15,Groceries,AWS CLOUD
2023-12-27,553.25,Groceries,STARBUCKS
2023-11-08,-435.59,Software,UNKNOWN VENDOR
2023-07-16,672.08,,UNKNOWN VENDOR
2023-08-23,-118.65,Travel,AWS CLOUD
2023-08-23,327.75,,OFFICE DEPOT
2023-10-07,135.6,Rent,UBER EATS
2023-07-20,-475.01,Groceries,UNKNOWN VENDOR
2023-10-31,-137.22,Groceries,DELTA AIRLINES
2023-01-12,644.15,Rent,OFFICE DEPOT
2023-02-22,-205.18,Software,STARBUCKS
2023-05-24,-261.94,,AWS CLOUD
2023-12-19,-272.98,Uncategorized,PAYROLL
2023-05-17,529.36,Uncategorized,UNKNOWN VENDOR
2023-05-12,-290.87,,UBER EATS
2023-02-12,-118.6,Rent,STARBUCKS
2023-02-15,675.99,Groceries,UNKNOWN VENDOR
2023-09-26,964.86,Travel,AWS CLOUD
2023-12-24,11.34,Software,UNKNOWN VENDOR
2023-07-28,-367.91,Uncategorized,PAYROLL
2023-12-22,835.91,Groceries,UBER EATS
2023-04-05,881.18,Groceries,UNKNOWN VENDOR
2023-07-21,516.36,Rent,AWS CLOUD
2023-03-12,724.47,Groceries,STARBUCKS
2023-09-03,604.33,Rent,OFFICE DEPOT
2023-02-11,-198.56,Uncategorized,OFFICE DEPOT
2023-03-01,-391.25,Rent,AWS CLOUD
2023-02-28,85.3,Travel,UBER EATS
2023-05-20,365.1,Rent,OFFICE DEPOT
2023-10-20,-388.46,Uncategorized,PAYROLL
2023-09-22,-160.53,,OFFICE DEPOT
2023-07-29,-184.59,Groceries,OFFICE DEPOT
2023-06-13,-164.44,Rent,STARBUCKS
2023-11-26,36.09,Software,PAYROLL
2023-08-09,118.76,,STARBUCKS
2023-07-31,-123.1,Uncategorized,STARBUCKS
2023-09-09,261.03,Groceries,OFFICE DEPOT
2023-09-05,987.93,Software,UNKNOWN VENDOR
2023-10-17,812.76,,PAYROLL
2023-04-27,657.43,,UNKNOWN VENDOR
2023-11-02,433.66,,UNKNOWN VENDOR
2023-07-10,-390.72,Groceries,OFFICE DEPOT
2023-08-26,-450.67,Software,UBER EATS
2023-01-07,966.4,Groceries,AWS CLOUD
2023-07-07,986.36,Software,DELTA AIRLINES
2023-07-30,-72.11,Travel,STARBUCKS
2023-10-27,632.44,Software,OFFICE DEPOT
2023-07-20,699.69,Software,UNKNOWN VENDOR
2023-12-29,789.74,Groceries,UNKNOWN VENDOR
2023-07-24,-432.22,Rent,STARBUCKS
2023-01-05,149.31,,STARBUCKS
2023-08-04,524.07,,UBER EATS
2023-01-26,911.27,Uncategorized,PAYROLL
2023-07-01,154.01,Travel,DELTA AIRLINES
2023-02-14,854.58,Rent,AWS CLOUD
2023-05-25,-38.54,,UNKNOWN VENDOR
2023-04-10,-17891.12,Travel,DELTA AIRLINES
2023-03-08,-14.02,Uncategorized,PAYROLL
2023-11-13,-459.41,Uncategorized,OFFICE DEPOT
2023-09-07,666.11,Rent,STARBUCKS
2023-01-02,675.28,Travel,UNKNOWN VENDOR
2023-12-14,5.41,,UBER EATS
2023-07-11,854.37,,DELTA AIRLINES
2023-05-22,-424.92,,STARBUCKS
2023-08-31,510.26,Rent,OFFICE DEPOT
2023-05-19,213.93,Rent,AWS CLOUD
2023-04-28,-387.49,Rent,UNKNOWN VENDOR
2023-03-02,8780.58,,UBER EATS
2023-08-04,-441.3,,STARBUCKS
2023-11-05,17018.67,Groceries,PAYROLL
2023-10-17,611.63,Travel,AWS CLOUD
2023-09-20,595.38,,DELTA AIRLINES
2023-01-29,575.5,Software,OFFICE DEPOT
2023-06-07,405.34,Travel,PAYROLL
2023-06-02,-378.94,Groceries,OFFICE DEPOT
2023-09-01,12969.88,Software,STARBUCKS
2023-04-21,-491.03,,STARBUCKS
2023-01-06,613.13,Travel,STARBUCKS
2023-09-30,338.2,,UNKNOWN VENDOR
2023-04-15,792.71,Travel,DELTA AIRLINES
2023-01-15,128.73,Groceries,AWS CLOUD
2023-08-12,-399.53,Uncategorized,UNKNOWN VENDOR
2023-05-11,-150.2,Travel,OFFICE DEPOT
2023-11-12,-289.87,Uncategorized,UBER EATS
2023-05-01,-212.96,Rent,AWS CLOUD
2023-04-28,306.19,Travel,UBER EATS
2023-02-13,-338.86,,AWS CLOUD
2023-08-11,832.35,Uncategorized,STARBUCKS
2023-09-17,-280.04,Travel,STARBUCKS
2023-01-23,362.57,Rent,UNKNOWN VENDOR
2023-09-20,-14.23,Rent,DELTA AIRLINES
2023-01-22,318.97,,STARBUCKS
2023-10-10,326.98,Travel,UBER EATS
2023-10-29,-424.62,Travel,UNKNOWN VENDOR
2023-01-09,734.89,Rent,STARBUCKS
2023-05-30,706.61,Travel,OFFICE DEPOT
2023-10-01,105.86,,AWS CLOUD
2023-12-30,-32.79,,STARBUCKS
2023-04-23,-252.59,Rent,STARBUCKS
2023-02-27,-49.07,Groceries,OFFICE DEPOT
2023-04-23,535.64,Software,STARBUCKS
2023-05-08,-320.16,Rent,UBER EATS
2023-06-27,405.08,Uncategorized,DELTA AIRLINES
2023-03-01,303.7,Groceries,UBER EATS
2023-03-10,-74.44,Groceries,STARBUCKS
2023-02-19,-20.92,Software,AWS CLOUD
2023-02-02,606.58,Rent,AWS CLOUD
2023-10-30,-258.3,Uncategorized,STARBUCKS
2023-11-20,496.55,Travel,OFFICE DEPOT
2023-03-17,496.04,Uncategorized,AWS CLOUD
2023-07-26,-15.47,,UBER EATS
2023-04-02,389.89,,UNKNOWN VENDOR
2023-11-16,894.7,Groceries,OFFICE DEPOT
2023-03-29,-167.41,Uncategorized,STARBUCKS
2023-07-04,-199.7,Rent,UNKNOWN VENDOR
2023-07-31,-257.49,Travel,PAYROLL
2023-02-15,593.78,Software,DELTA AIRLINES
2023-01-03,591.25,Groceries,OFFICE DEPOT
2023-06-19,911.13,Uncategorized,PAYROLL
2023-08-03,-322.66,Groceries,PAYROLL
2023-01-31,-66.68,Groceries,AWS CLOUD
2023-12-20,13.84,,UNKNOWN VENDOR
2023-09-01,-90.75,Rent,STARBUCKS
2023-05-16,-4967.52,Uncategorized,UBER EATS
2023-04-27,553.2,Uncategorized,UNKNOWN VENDOR
2023-01-10,662.99,,UNKNOWN VENDOR
2023-05-04,69.54,Travel,AWS CLOUD
2023-05-02,708.98,Groceries,PAYROLL
2023-09-12,617.49,Travel,OFFICE DEPOT
2023-08-21,-228.08,Travel,PAYROLL
2023-11-15,-184.31,Groceries,AWS CLOUD
2023-04-15,18432.87,Software,AWS CLOUD
2023-12-12,886.42,,DELTA AIRLINES
2023-03-02,998.53,Uncategorized,STARBUCKS
2023-03-02,-252.36,Groceries,AWS CLOUD
2023-01-05,-382.43,Uncategorized,AWS CLOUD
2023-07-18,-309.41,Rent,DELTA AIRLINES
2023-09-17,238.61,Uncategorized,AWS CLOUD
2023-04-17,-56.7,Software,OFFICE DEPOT
2023-05-23,-327.52,,OFFICE DEPOT
2023-10-29,843.32,Travel,DELTA AIRLINES
2023-04-13,-3159.68,Software,UNKNOWN VENDOR
2023-06-01,673.42,Software,UBER EATS
2023-07-01,212.81,Rent,UBER EATS
2023-03-09,749.46,Rent,UBER EATS
2023-11-25,-469.69,Groceries,UBER EATS
2023-02-08,211.04,Rent,OFFICE DEPOT
2023-10-15,-7.92,Groceries,UBER EATS
2023-02-17,269.79,Software,UBER EATS
2023-01-03,-269.17,Travel,DELTA AIRLINES
2023-04-08,-2718.59,Travel,DELTA AIRLINES
2023-01-29,230.19,Groceries,PAYROLL
2023-04-20,-99.74,Travel,AWS CLOUD
2023-07-05,639.27,,DELTA AIRLINES
2023-07-16,17.85,Uncategorized,OFFICE DEPOT
2023-09-14,740.78,Software,OFFICE DEPOT
2023-07-25,-246.92,Groceries,DELTA AIRLINES
2023-12-25,-107.48,Uncategorized,UNKNOWN VENDOR
2023-03-05,-267.54,Rent,STARBUCKS
2023-10-15,338.56,Rent,DELTA AIRLINES
2023-10-07,861.6,Rent,AWS CLOUD
2023-01-30,331.29,Rent,OFFICE DEPOT
2023-11-12,9492.11,,AWS CLOUD
2023-05-24,34.52,Groceries,STARBUCKS
2023-05-28,114.16,Software,STARBUCKS
2023-01-17,-483.0,Uncategorized,DELTA AIRLINES
2023-02-02,14.36,,PAYROLL
2023-10-29,-91.91,Rent,UBER EATS
2023-08-05,608.8,Groceries,PAYROLL
2023-04-12,822.38,Groceries,UNKNOWN VENDOR
2023-05-20,-390.52,Rent,DELTA AIRLINES
2023-05-20,-456.78,Groceries,UBER EATS
2023-01-17,757.96,Software,OFFICE DEPOT
2023-06-25,-271.87,,UNKNOWN VENDOR
2023-05-25,-26.09,Software,OFFICE DEPOT
2023-04-04,129.15,Software,UNKNOWN VENDOR
2023-03-08,-69.67,,DELTA AIRLINES
2023-02-24,-302.29,Software,PAYROLL
2023-09-03,153.62,Rent,UNKNOWN VENDOR
2023-03-29,-454.31,Rent,AWS CLOUD
2023-09-21,-267.25,,UNKNOWN VENDOR
2023-04-22,604.31,Travel,STARBUCKS
2023-06-17,675.17,Uncategorized,DELTA AIRLINES
2023-06-24,971.58,Software,UNKNOWN VENDOR
2023-03-22,-93.9,Travel,DELTA AIRLINES
2023-10-04,970.74,Groceries,STARBUCKS
2023-11-19,-344.13,Groceries,PAYROLL
2023-12-31,989.17,Uncategorized,OFFICE DEPOT
2023-11-08,932.87,Software,STARBUCKS
2023-10-17,654.56,Travel,UNKNOWN VENDOR
2023-09-12,112.66,Uncategorized,PAYROLL
2023-03-15,928.9,,OFFICE DEPOT
2023-12-01,46.15,Travel,OFFICE DEPOT
2023-12-21,-267.86,Software,PAYROLL
2023-10-16,988.57,Groceries,AWS CLOUD
2023-10-20,-227.31,Rent,STARBUCKS
2023-11-26,-12776.73,Groceries,PAYROLL
2023-01-15,812.61,Uncategorized,DELTA AIRLINES
2023-07-17,-88.49,,STARBUCKS
2023-02-02,990.23,Groceries,UNKNOWN VENDOR
2023-05-28,117.33,Uncategorized,PAYROLL
2023-08-22,979.23,Groceries,DELTA AIRLINES
2023-10-23,335.35,Rent,STARBUCKS
2023-11-10,-448.69,Software,DELTA AIRLINES
2023-04-26,954.78,,PAYROLL
2023-06-30,276.07,Uncategorized,UNKNOWN VENDOR
2023-11-29,424.03,Uncategorized,UBER EATS
2023-11-11,953.79,Software,PAYROLL
2023-08-05,-1393.84,Rent,AWS CLOUD
2023-08-25,854.9,Uncategorized,DELTA AIRLINES
2023-01-17,-476.59,Travel,OFFICE DEPOT
2023-05-04,532.22,,UBER EATS
2023-01-01,-99.1,Rent,OFFICE DEPOT
2023-03-22,495.46,Groceries,STARBUCKS
2023-05-15,22.63,Uncategorized,STARBUCKS
2023-03-21,76.56,Software,UNKNOWN VENDOR
2023-08-08,268.74,Uncategorized,AWS CLOUD
2023-07-07,-293.33,Uncategorized,PAYROLL
2023-06-24,-220.1,Rent,UNKNOWN VENDOR
2023-12-13,-272.84,Groceries,PAYROLL
2023-11-27,613.08,Software,OFFICE DEPOT
2023-02-21,863.73,Uncategorized,OFFICE DEPOT
2023-10-16,662.6,,DELTA AIRLINES
2023-06-04,934.88,Uncategorized,STARBUCKS
2023-03-02,-23.73,,UBER EATS
2023-09-30,-236.97,Travel,DELTA AIRLINES
2023-02-11,596.12,Software,OFFICE DEPOT
2023-10-01,-490.44,Uncategorized,UBER EATS
2023-08-31,-443.44,Software,STARBUCKS
2023-07-12,924.43,,PAYROLL
2023-01-18,-296.29,Groceries,UNKNOWN VENDOR
2023-11-19,-344.27,Groceries,UNKNOWN VENDOR
2023-07-01,-216.92,,AWS CLOUD
2023-07-01,274.33,Rent,UNKNOWN VENDOR
2023-05-03,-158.96,Uncategorized,STARBUCKS
2023-03-25,464.24,Software,PAYROLL
2023-06-21,-404.89,Groceries,AWS CLOUD
2024-01-01,580.98,Rent,AWS CLOUD
2023-08-22,-115.8,Rent,STARBUCKS
2023-02-18,545.99,Rent,OFFICE DEPOT
2023-11-07,-352.23,Uncategorized,UNKNOWN VENDOR
2023-07-27,-458.4,Rent,UNKNOWN VENDOR
2023-02-21,631.19,Uncategorized,UBER EATS
2023-07-21,298.75,Travel,UNKNOWN VENDOR
2024-01-01,308.4,Groceries,AWS CLOUD
2023-09-28,859.04,Groceries,DELTA AIRLINES
2023-03-31,42.29,,OFFICE DEPOT
2023-04-07,253.55,Rent,STARBUCKS
2023-12-25,721.57,Uncategorized,STARBUCKS
2023-01-25,506.98,Rent,DELTA AIRLINES
2023-01-26,-404.44,,PAYROLL
2023-03-06,130.18,Uncategorized,UBER EATS
2023-09-09,769.33,Software,AWS CLOUD
2023-11-24,-396.01,,UNKNOWN VENDOR
2023-01-06,582.25,Groceries,UBER EATS
2023-05-22,-17.14,Rent,AWS CLOUD
2023-07-06,-471.66,Uncategorized,STARBUCKS
2023-04-18,-470.16,Rent,PAYROLL
2023-01-30,510.23,Uncategorized,OFFICE DEPOT
2023-09-14,-1422.65,Software,UBER EATS
2023-05-03,-400.96,Rent,DELTA AIRLINES
2023-04-16,671.19,Uncategorized,STARBUCKS
2023-03-03,530.92,,PAYROLL
2023-10-19,350.77,Groceries,AWS CLOUD
2023-12-04,-429.4,,AWS CLOUD
2023-12-15,740.87,Travel,OFFICE DEPOT
2023-06-08,-188.25,Travel,AWS CLOUD
2023-07-06,-151.72,Software,OFFICE DEPOT
2023-11-13,600.27,Software,AWS CLOUD
2023-12-01,-411.53,Groceries,DELTA AIRLINES
2023-01-18,622.49,Travel,PAYROLL
2023-01-03,-53.01,Groceries,UBER EATS
2023-05-02,805.42,Travel,AWS CLOUD
2023-01-03,226.02,Travel,AWS CLOUD
2023-01-10,2696.31,Rent,STARBUCKS
2023-10-13,479.4,Travel,AWS CLOUD
2023-05-09,466.0,Software,OFFICE DEPOT
2023-07-10,841.41,Software,PAYROLL
2023-11-26,815.54,Uncategorized,DELTA AIRLINES
2023-08-18,692.95,Software,OFFICE DEPOT
2023-07-04,564.33,Travel,PAYROLL
2023-05-16,11877.36,Software,STARBUCKS
2023-06-30,247.7,Software,AWS CLOUD
2023-01-01,316.31,,AWS CLOUD
2023-03-01,13006.26,Groceries,UBER EATS
2023-03-10,-498.3,,OFFICE DEPOT
2023-02-09,600.17,Uncategorized,STARBUCKS
2023-02-07,-488.24,,DELTA AIRLINES
2023-11-24,-6.49,Groceries,DELTA AIRLINES
2023-06-08,-68.53,Rent,OFFICE DEPOT
2023-12-25,546.3,Uncategorized,DELTA AIRLINES
2023-11-04,-448.66,Travel,UNKNOWN VENDOR
2023-01-15,401.31,Software,DELTA AIRLINES
2023-12-19,386.49,Rent,AWS CLOUD
2023-11-25,-318.11,,OFFICE DEPOT
2023-06-23,983.48,Travel,AWS CLOUD
2023-12-10,203.65,,UBER EATS
2023-10-29,7616.59,Rent,AWS CLOUD
2023-04-13,-14.72,Uncategorized,OFFICE DEPOT
2023-11-25,-460.86,Rent,DELTA AIRLINES
2023-08-03,-72.47,Software,STARBUCKS
2023-02-25,-322.47,Groceries,UNKNOWN VENDOR
2023-08-12,-1254.63,Rent,OFFICE DEPOT
2023-02-16,16920.01,Software,STARBUCKS
2023-11-09,-187.41,Groceries,OFFICE DEPOT
2023-06-09,-467.34,Rent,UBER EATS
2023-01-21,-193.16,Groceries,UBER EATS
2023-11-19,19955.27,Software,UBER EATS
2023-06-12,626.87,,AWS CLOUD
2023-10-31,668.69,Groceries,UNKNOWN VENDOR
2023-05-17,187.68,Travel,OFFICE DEPOT
2023-12-26,-321.39,,OFFICE DEPOT
2023-04-02,969.83,Uncategorized,PAYROLL
2023-07-12,-225.13,Rent,AWS CLOUD
2023-07-27,481.38,Software,STARBUCKS
2023-11-16,680.4,Rent,DELTA AIRLINES
2023-12-12,982.4,Rent,DELTA AIRLINES
2023-12-27,12789.22,Software,UNKNOWN VENDOR
2023-08-04,509.42,Rent,UBER EATS
2023-07-29,211.36,Uncategorized,OFFICE DEPOT
2023-07-26,229.84,Rent,STARBUCKS
2023-08-03,272.89,Travel,STARBUCKS
2023-10-24,-351.0,,PAYROLL
2023-04-24,719.6,Uncategorized,UNKNOWN VENDOR
2023-06-11,-184.4,Groceries,DELTA AIRLINES
2023-06-07,-318.41,Software,UBER EATS
2023-10-07,-61.32,,UBER EATS
2023-09-10,873.83,Groceries,DELTA AIRLINES
2023-11-21,-189.24,Groceries,DELTA AIRLINES
2023-05-19,-159.65,Uncategorized,PAYROLL
2023-07-11,953.07,Groceries,OFFICE DEPOT
2023-06-29,831.53,Uncategorized,OFFICE DEPOT
2023-10-06,-14.27,,STARBUCKS
2023-12-29,617.78,,UNKNOWN VENDOR
2023-01-31,113.09,Software,AWS CLOUD
2023-06-16,304.88,,STARBUCKS
2023-08-31,-231.02,Software,UNKNOWN VENDOR
2023-12-15,153.86,,UNKNOWN VENDOR
2023-02-01,-382.25,Software,DELTA AIRLINES
2023-10-20,585.15,Uncategorized,AWS CLOUD
2023-05-12,729.91,,UNKNOWN VENDOR
2023-12-13,857.08,Rent,UNKNOWN VENDOR
2023-03-09,824.56,Software,DELTA AIRLINES
2023-09-12,-217.58,Travel,UNKNOWN VENDOR
2023-11-24,-87.23,Groceries,AWS CLOUD
2023-10-11,-176.11,Travel,AWS CLOUD
2023-07-15,487.47,,DELTA AIRLINES
2023-10-18,-63.37,Travel,DELTA AIRLINES
2023-12-06,-196.74,,UNKNOWN VENDOR
2023-08-03,181.92,Rent,PAYROLL
2023-09-17,980.82,Groceries,PAYROLL
2023-06-17,612.47,Software,AWS CLOUD
2023-09-19,-6894.67,Groceries,PAYROLL
2023-10-24,737.09,Rent,STARBUCKS
2023-07-23,568.53,Uncategorized,AWS CLOUD
2023-04-24,683.05,Software,PAYROLL
2023-09-06,897.21,Groceries,UNKNOWN VENDOR
2023-02-06,627.56,Uncategorized,DELTA AIRLINES
2023-11-12,2644.23,Groceries,UBER EATS
2023-04-10,811.14,Software,DELTA AIRLINES
2023-08-05,-274.51,Software,UBER EATS
2023-04-14,366.88,,PAYROLL
2023-07-28,-13.81,Travel,PAYROLL
2023-08-04,292.74,Software,PAYROLL
2023-07-24,-190.79,Rent,PAYROLL
2023-02-19,275.6,Software,UNKNOWN VENDOR
2023-02-14,502.8,Uncategorized,UBER EATS
2023-03-18,-219.04,,OFFICE DEPOT
2023-01-26,115.1,,OFFICE DEPOT
2023-01-16,636.22,Groceries,OFFICE DEPOT
2023-01-19,-1304.8,Rent,UNKNOWN VENDOR
2023-03-05,-90.41,,AWS CLOUD
2023-05-18,-411.5,Groceries,UBER EATS
2023-07-31,391.31,Uncategorized,STARBUCKS
2023-01-06,673.25,Uncategorized,DELTA AIRLINES
2023-05-19,396.07,Travel,UBER EATS
2023-02-01,179.88,Uncategorized,UNKNOWN VENDOR
2023-01-24,-367.5,,UNKNOWN VENDOR
2023-06-29,-21.13,Software,AWS CLOUD
2023-06-12,-458.92,Groceries,OFFICE DEPOT
2023-05-27,295.07,Groceries,UBER EATS
2023-02-26,191.28,Travel,AWS CLOUD
2023-12-18,426.47,Uncategorized,STARBUCKS
2023-06-17,808.96,Rent,UBER EATS
2023-05-22,661.08,Software,STARBUCKS
2023-06-12,440.93,Travel,UNKNOWN VENDOR
2023-07-08,777.64,Uncategorized,STARBUCKS
2023-09-15,12717.67,Groceries,OFFICE DEPOT
2023-08-01,-97.63,Rent,PAYROLL
2023-08-01,-46.37,Travel,PAYROLL
2023-11-13,904.14,Groceries,STARBUCKS
2023-04-28,788.42,Uncategorized,PAYROLL
2023-07-30,-288.61,Travel,UBER EATS
2023-01-30,100.81,Software,AWS CLOUD
2023-07-06,688.35,Software,DELTA AIRLINES
2023-03-19,87.51,,UNKNOWN VENDOR
2023-10-09,614.37,,PAYROLL
2023-08-09,40.21,,DELTA AIRLINES
2023-01-29,507.79,,OFFICE DEPOT
2023-10-21,557.28,,AWS CLOUD
2023-01-08,-461.48,Rent,DELTA AIRLINES
2023-10-13,571.75,Groceries,UBER EATS
2023-11-11,225.84,Rent,AWS CLOUD
2023-10-12,251.89,Travel,STARBUCKS
2023-08-03,130.81,,AWS CLOUD
2023-04-06,-401.99,Groceries,DELTA AIRLINES
2023-07-22,-398.74,Uncategorized,DELTA AIRLINES
2023-12-14,-16047.49,Rent,DELTA AIRLINES
2023-12-05,-269.73,Rent,UNKNOWN VENDOR
2023-07-07,501.52,Travel,DELTA AIRLINES
2023-02-08,-451.37,Travel,UBER EATS
2023-01-21,-364.58,Software,UNKNOWN VENDOR
2023-03-06,247.36,Rent,DELTA AIRLINES
2023-01-08,-461.48,Rent,DELTA AIRLINES
2023-10-13,571.75,Groceries,UBER EATS
2023-11-11,225.84,Rent,AWS CLOUD
2023-10-12,251.89,Travel,STARBUCKS
2023-08-03,130.81,,AWS CLOUD
2023-04-06,-401.99,Groceries,DELTA AIRLINES